<?xml version="1.0"?>
<recovery>
	<details>
		<resolution width="1080" height="1920"/>
		<author>SHADOW ZXC</author>
		<title>TWRP</title>
		<description>splash screen</description>
		<themeversion>4</themeversion>
	</details>

	<resources>
		<image name="splashlogo" filename="splash" retainaspect="1"/>
	</resources>

	<variables>
		<variable name="screen_width" value="1080"/>
		<variable name="screen_height" value="1920"/>
	</variables>

	<pages>
		<page name="splash">

			<image>
				<image resource="splashlogo"/>
				<placement x="540" y="960" placement="4"/>
			</image>

		</page>
	</pages>
</recovery>

